{
  "oldParams": true,
  "wave_type": 3,
  "p_env_attack": 0,
  "p_env_sustain": 0.7152750532104222,
  "p_env_punch": 0.8543837179746396,
  "p_env_decay": 0.8100092265232505,
  "p_base_freq": 0.13615778746815113,
  "p_freq_limit": 0,
  "p_freq_ramp": 0,
  "p_freq_dramp": 0,
  "p_vib_strength": 0,
  "p_vib_speed": 0,
  "p_arp_mod": 0,
  "p_arp_speed": 0.8967739373563631,
  "p_duty": 0.04536228073072457,
  "p_duty_ramp": 0,
  "p_repeat_speed": 0,
  "p_pha_offset": 0,
  "p_pha_ramp": 0,
  "p_lpf_freq": 0.14659777210372302,
  "p_lpf_ramp": -0.9057241151485251,
  "p_lpf_resonance": 0.4683207167427619,
  "p_hpf_freq": 0,
  "p_hpf_ramp": 0,
  "sound_vol": 0.25,
  "sample_rate": 44100,
  "sample_size": 8
}